--
-- PostgreSQL database dump
--

\restrict sWAflh31VaWAZ5DN89SZkFOAReb7loTQFcWoUFQdLbnTZx4WdbgZPLBtes38Q49

-- Dumped from database version 17.6
-- Dumped by pg_dump version 17.6

-- Started on 2026-05-22 13:49:42

SET statement_timeout = 0;
SET lock_timeout = 0;
SET idle_in_transaction_session_timeout = 0;
SET transaction_timeout = 0;
SET client_encoding = 'UTF8';
SET standard_conforming_strings = on;
SELECT pg_catalog.set_config('search_path', '', false);
SET check_function_bodies = false;
SET xmloption = content;
SET client_min_messages = warning;
SET row_security = off;

SET default_tablespace = '';

SET default_table_access_method = heap;

--
-- TOC entry 240 (class 1259 OID 32974)
-- Name: address; Type: TABLE; Schema: public; Owner: postgres
--

CREATE TABLE public.address (
    id bigint NOT NULL,
    full_address character varying(255),
    is_default boolean NOT NULL,
    latitude double precision,
    longitude double precision,
    user_id bigint,
    email character varying(255),
    label character varying(255)
);


ALTER TABLE public.address OWNER TO postgres;

--
-- TOC entry 239 (class 1259 OID 32973)
-- Name: address_id_seq; Type: SEQUENCE; Schema: public; Owner: postgres
--

ALTER TABLE public.address ALTER COLUMN id ADD GENERATED BY DEFAULT AS IDENTITY (
    SEQUENCE NAME public.address_id_seq
    START WITH 1
    INCREMENT BY 1
    NO MINVALUE
    NO MAXVALUE
    CACHE 1
);


--
-- TOC entry 226 (class 1259 OID 24736)
-- Name: cart_item; Type: TABLE; Schema: public; Owner: postgres
--

CREATE TABLE public.cart_item (
    id bigint NOT NULL,
    quantity integer NOT NULL,
    user_id bigint,
    variant_id bigint
);


ALTER TABLE public.cart_item OWNER TO postgres;

--
-- TOC entry 225 (class 1259 OID 24735)
-- Name: cart_item_id_seq; Type: SEQUENCE; Schema: public; Owner: postgres
--

ALTER TABLE public.cart_item ALTER COLUMN id ADD GENERATED BY DEFAULT AS IDENTITY (
    SEQUENCE NAME public.cart_item_id_seq
    START WITH 1
    INCREMENT BY 1
    NO MINVALUE
    NO MAXVALUE
    CACHE 1
);


--
-- TOC entry 236 (class 1259 OID 24782)
-- Name: categories; Type: TABLE; Schema: public; Owner: postgres
--

CREATE TABLE public.categories (
    id bigint NOT NULL,
    name character varying(255),
    parent_id bigint,
    banner character varying(255)
);


ALTER TABLE public.categories OWNER TO postgres;

--
-- TOC entry 235 (class 1259 OID 24781)
-- Name: categories_id_seq; Type: SEQUENCE; Schema: public; Owner: postgres
--

ALTER TABLE public.categories ALTER COLUMN id ADD GENERATED BY DEFAULT AS IDENTITY (
    SEQUENCE NAME public.categories_id_seq
    START WITH 1
    INCREMENT BY 1
    NO MINVALUE
    NO MAXVALUE
    CACHE 1
);


--
-- TOC entry 218 (class 1259 OID 24682)
-- Name: category; Type: TABLE; Schema: public; Owner: postgres
--

CREATE TABLE public.category (
    id bigint NOT NULL,
    name character varying(255),
    parent_id bigint,
    banner character varying(255)
);


ALTER TABLE public.category OWNER TO postgres;

--
-- TOC entry 217 (class 1259 OID 24681)
-- Name: category_id_seq; Type: SEQUENCE; Schema: public; Owner: postgres
--

ALTER TABLE public.category ALTER COLUMN id ADD GENERATED BY DEFAULT AS IDENTITY (
    SEQUENCE NAME public.category_id_seq
    START WITH 1
    INCREMENT BY 1
    NO MINVALUE
    NO MAXVALUE
    CACHE 1
);


--
-- TOC entry 241 (class 1259 OID 41277)
-- Name: flash_sale; Type: TABLE; Schema: public; Owner: postgres
--

CREATE TABLE public.flash_sale (
    id bigint NOT NULL,
    active boolean NOT NULL,
    end_time timestamp(6) without time zone,
    name character varying(255),
    start_time timestamp(6) without time zone
);


ALTER TABLE public.flash_sale OWNER TO postgres;

--
-- TOC entry 245 (class 1259 OID 41299)
-- Name: flash_sale_id_seq; Type: SEQUENCE; Schema: public; Owner: postgres
--

ALTER TABLE public.flash_sale ALTER COLUMN id ADD GENERATED BY DEFAULT AS IDENTITY (
    SEQUENCE NAME public.flash_sale_id_seq
    START WITH 1
    INCREMENT BY 1
    NO MINVALUE
    NO MAXVALUE
    CACHE 1
);


--
-- TOC entry 242 (class 1259 OID 41282)
-- Name: flash_sale_item; Type: TABLE; Schema: public; Owner: postgres
--

CREATE TABLE public.flash_sale_item (
    id bigint NOT NULL,
    flash_price double precision NOT NULL,
    quantity integer NOT NULL,
    sold integer NOT NULL,
    flash_sale_id bigint,
    variant_id bigint
);


ALTER TABLE public.flash_sale_item OWNER TO postgres;

--
-- TOC entry 243 (class 1259 OID 41287)
-- Name: flash_sale_item_seq; Type: SEQUENCE; Schema: public; Owner: postgres
--

CREATE SEQUENCE public.flash_sale_item_seq
    START WITH 1
    INCREMENT BY 50
    NO MINVALUE
    NO MAXVALUE
    CACHE 1;


ALTER SEQUENCE public.flash_sale_item_seq OWNER TO postgres;

--
-- TOC entry 244 (class 1259 OID 41288)
-- Name: flash_sale_seq; Type: SEQUENCE; Schema: public; Owner: postgres
--

CREATE SEQUENCE public.flash_sale_seq
    START WITH 1
    INCREMENT BY 50
    NO MINVALUE
    NO MAXVALUE
    CACHE 1;


ALTER SEQUENCE public.flash_sale_seq OWNER TO postgres;

--
-- TOC entry 230 (class 1259 OID 24753)
-- Name: order_item; Type: TABLE; Schema: public; Owner: postgres
--

CREATE TABLE public.order_item (
    id bigint NOT NULL,
    order_id bigint,
    price double precision,
    product_id bigint,
    quantity integer NOT NULL,
    variant_id bigint
);


ALTER TABLE public.order_item OWNER TO postgres;

--
-- TOC entry 229 (class 1259 OID 24752)
-- Name: order_item_id_seq; Type: SEQUENCE; Schema: public; Owner: postgres
--

ALTER TABLE public.order_item ALTER COLUMN id ADD GENERATED BY DEFAULT AS IDENTITY (
    SEQUENCE NAME public.order_item_id_seq
    START WITH 1
    INCREMENT BY 1
    NO MINVALUE
    NO MAXVALUE
    CACHE 1
);


--
-- TOC entry 232 (class 1259 OID 24759)
-- Name: orders; Type: TABLE; Schema: public; Owner: postgres
--

CREATE TABLE public.orders (
    id bigint NOT NULL,
    address character varying(255),
    created_at timestamp(6) without time zone,
    discount double precision,
    payment_method character varying(255),
    phone character varying(255),
    status character varying(255),
    subtotal double precision,
    total double precision,
    user_id bigint,
    distance double precision,
    eta_days integer,
    shipping_fee double precision
);


ALTER TABLE public.orders OWNER TO postgres;

--
-- TOC entry 231 (class 1259 OID 24758)
-- Name: orders_id_seq; Type: SEQUENCE; Schema: public; Owner: postgres
--

ALTER TABLE public.orders ALTER COLUMN id ADD GENERATED BY DEFAULT AS IDENTITY (
    SEQUENCE NAME public.orders_id_seq
    START WITH 1
    INCREMENT BY 1
    NO MINVALUE
    NO MAXVALUE
    CACHE 1
);


--
-- TOC entry 220 (class 1259 OID 24688)
-- Name: product; Type: TABLE; Schema: public; Owner: postgres
--

CREATE TABLE public.product (
    id bigint NOT NULL,
    description text,
    name character varying(255),
    old_price double precision,
    price double precision,
    image character varying(255),
    category_id bigint NOT NULL
);


ALTER TABLE public.product OWNER TO postgres;

--
-- TOC entry 219 (class 1259 OID 24687)
-- Name: product_id_seq; Type: SEQUENCE; Schema: public; Owner: postgres
--

ALTER TABLE public.product ALTER COLUMN id ADD GENERATED BY DEFAULT AS IDENTITY (
    SEQUENCE NAME public.product_id_seq
    START WITH 1
    INCREMENT BY 1
    NO MINVALUE
    NO MAXVALUE
    CACHE 1
);


--
-- TOC entry 222 (class 1259 OID 24696)
-- Name: product_image; Type: TABLE; Schema: public; Owner: postgres
--

CREATE TABLE public.product_image (
    id bigint NOT NULL,
    image_url character varying(255),
    product_id bigint,
    variant_id bigint
);


ALTER TABLE public.product_image OWNER TO postgres;

--
-- TOC entry 221 (class 1259 OID 24695)
-- Name: product_image_id_seq; Type: SEQUENCE; Schema: public; Owner: postgres
--

ALTER TABLE public.product_image ALTER COLUMN id ADD GENERATED BY DEFAULT AS IDENTITY (
    SEQUENCE NAME public.product_image_id_seq
    START WITH 1
    INCREMENT BY 1
    NO MINVALUE
    NO MAXVALUE
    CACHE 1
);


--
-- TOC entry 224 (class 1259 OID 24702)
-- Name: product_variant; Type: TABLE; Schema: public; Owner: postgres
--

CREATE TABLE public.product_variant (
    id bigint NOT NULL,
    color character varying(255),
    price double precision NOT NULL,
    size character varying(255),
    stock integer NOT NULL,
    product_id bigint,
    old_price double precision,
    image character varying(255)
);


ALTER TABLE public.product_variant OWNER TO postgres;

--
-- TOC entry 223 (class 1259 OID 24701)
-- Name: product_variant_id_seq; Type: SEQUENCE; Schema: public; Owner: postgres
--

ALTER TABLE public.product_variant ALTER COLUMN id ADD GENERATED BY DEFAULT AS IDENTITY (
    SEQUENCE NAME public.product_variant_id_seq
    START WITH 1
    INCREMENT BY 1
    NO MINVALUE
    NO MAXVALUE
    CACHE 1
);


--
-- TOC entry 238 (class 1259 OID 24807)
-- Name: sub_category; Type: TABLE; Schema: public; Owner: postgres
--

CREATE TABLE public.sub_category (
    id bigint NOT NULL,
    name character varying(255),
    category_id bigint
);


ALTER TABLE public.sub_category OWNER TO postgres;

--
-- TOC entry 237 (class 1259 OID 24806)
-- Name: sub_category_id_seq; Type: SEQUENCE; Schema: public; Owner: postgres
--

ALTER TABLE public.sub_category ALTER COLUMN id ADD GENERATED BY DEFAULT AS IDENTITY (
    SEQUENCE NAME public.sub_category_id_seq
    START WITH 1
    INCREMENT BY 1
    NO MINVALUE
    NO MAXVALUE
    CACHE 1
);


--
-- TOC entry 234 (class 1259 OID 24772)
-- Name: users; Type: TABLE; Schema: public; Owner: postgres
--

CREATE TABLE public.users (
    id bigint NOT NULL,
    avatar character varying(255),
    created_at bigint,
    email character varying(255) NOT NULL,
    full_name character varying(255),
    password character varying(255),
    phone character varying(255),
    user_name character varying(255),
    role character varying(255)
);


ALTER TABLE public.users OWNER TO postgres;

--
-- TOC entry 233 (class 1259 OID 24771)
-- Name: users_id_seq; Type: SEQUENCE; Schema: public; Owner: postgres
--

ALTER TABLE public.users ALTER COLUMN id ADD GENERATED BY DEFAULT AS IDENTITY (
    SEQUENCE NAME public.users_id_seq
    START WITH 1
    INCREMENT BY 1
    NO MINVALUE
    NO MAXVALUE
    CACHE 1
);


--
-- TOC entry 228 (class 1259 OID 24747)
-- Name: voucher; Type: TABLE; Schema: public; Owner: postgres
--

CREATE TABLE public.voucher (
    id bigint NOT NULL,
    active boolean NOT NULL,
    code character varying(255),
    discount_percent double precision NOT NULL,
    expiry_date date,
    min_order double precision NOT NULL
);


ALTER TABLE public.voucher OWNER TO postgres;

--
-- TOC entry 227 (class 1259 OID 24746)
-- Name: voucher_id_seq; Type: SEQUENCE; Schema: public; Owner: postgres
--

ALTER TABLE public.voucher ALTER COLUMN id ADD GENERATED BY DEFAULT AS IDENTITY (
    SEQUENCE NAME public.voucher_id_seq
    START WITH 1
    INCREMENT BY 1
    NO MINVALUE
    NO MAXVALUE
    CACHE 1
);


--
-- TOC entry 5020 (class 0 OID 32974)
-- Dependencies: 240
-- Data for Name: address; Type: TABLE DATA; Schema: public; Owner: postgres
--

COPY public.address (id, full_address, is_default, latitude, longitude, user_id, email, label) FROM stdin;
12	21/3/3/2/1, Phường Tân Hưng, Thành phố Hồ Chí Minh	f	10.751048602459385	106.69851408308205	\N	nguyengiabao161004@gmail.com	\N
10	35 TL 38 Thạnh Lộc Quận 12 Thành Phố Hồ Chí Minh	t	10.765824362332536	106.67398400149561	\N	nguyengiabao161004@gmail.com	\N
\.


--
-- TOC entry 5006 (class 0 OID 24736)
-- Dependencies: 226
-- Data for Name: cart_item; Type: TABLE DATA; Schema: public; Owner: postgres
--

COPY public.cart_item (id, quantity, user_id, variant_id) FROM stdin;
42	1	10	1
43	1	10	6
\.


--
-- TOC entry 5016 (class 0 OID 24782)
-- Dependencies: 236
-- Data for Name: categories; Type: TABLE DATA; Schema: public; Owner: postgres
--

COPY public.categories (id, name, parent_id, banner) FROM stdin;
1	Electronics	\N	\N
2	Phone	1	\N
3	Laptop	1	\N
\.


--
-- TOC entry 4998 (class 0 OID 24682)
-- Dependencies: 218
-- Data for Name: category; Type: TABLE DATA; Schema: public; Owner: postgres
--

COPY public.category (id, name, parent_id, banner) FROM stdin;
3	Laptop	1	\N
2	Phone	1	\N
1	Electronics	\N	https://res.cloudinary.com/dafy1p15f/image/upload/v1774639709/e7383f10-f46c-4ee7-ade5-fbbde3560687.png
9	Fashion	\N	https://res.cloudinary.com/dafy1p15f/image/upload/v1775762556/f422e977-9222-499d-9f85-b1a619af0326.png
4	Home	\N	https://res.cloudinary.com/dafy1p15f/image/upload/v1775762609/6368c89b-a7ff-42be-bc4d-d3fa67144bca.png
7	Kitchen	4	\N
6	Shoes	9	\N
5	Clothing	9	\N
8	Appliances	4	\N
10	HeadSet	1	\N
12	SkinCare	11	\N
13	Makeup	11	\N
14	Body Care	11	\N
15	Hair Care	11	\N
16	Fragrance	11	\N
11	Beauty	\N	https://res.cloudinary.com/dafy1p15f/image/upload/v1775936150/c5a19a1e-e82a-4009-9162-e4d80f403d15.png
\.


--
-- TOC entry 5021 (class 0 OID 41277)
-- Dependencies: 241
-- Data for Name: flash_sale; Type: TABLE DATA; Schema: public; Owner: postgres
--

COPY public.flash_sale (id, active, end_time, name, start_time) FROM stdin;
1	t	2026-04-17 21:40:27.71297	SieuSale5.5	2026-04-17 15:40:27.71297
\.


--
-- TOC entry 5022 (class 0 OID 41282)
-- Dependencies: 242
-- Data for Name: flash_sale_item; Type: TABLE DATA; Schema: public; Owner: postgres
--

COPY public.flash_sale_item (id, flash_price, quantity, sold, flash_sale_id, variant_id) FROM stdin;
1	500	12	0	1	1
2	12	12	0	1	2
53	799	1	0	1	44
\.


--
-- TOC entry 5010 (class 0 OID 24753)
-- Dependencies: 230
-- Data for Name: order_item; Type: TABLE DATA; Schema: public; Owner: postgres
--

COPY public.order_item (id, order_id, price, product_id, quantity, variant_id) FROM stdin;
40	42	1299	3	1	6
41	42	1199	1	1	1
42	43	1299	3	2	6
43	44	1199	1	1	1
44	45	1199	1	1	1
45	46	1199	1	1	1
46	46	1299	3	1	6
\.


--
-- TOC entry 5012 (class 0 OID 24759)
-- Dependencies: 232
-- Data for Name: orders; Type: TABLE DATA; Schema: public; Owner: postgres
--

COPY public.orders (id, address, created_at, discount, payment_method, phone, status, subtotal, total, user_id, distance, eta_days, shipping_fee) FROM stdin;
42	HCM	2026-03-29 01:40:13.844108	0	WALLET	0123456789	PENDING	2498	2498	10	\N	\N	\N
45	35 Đường TL 38	2026-04-06 10:22:38.746538	0	COD	0123456789	DELIVERED	1199	51199	10	11650.267632855664	389	50000
46	35 Đường TL 38	2026-04-06 10:32:56.491043	0	COD	0123456789	CONFIRMED	2498	52498	10	11650.267632855664	389	50000
44	HCM	2026-04-01 08:00:13.112892	119.9	COD	0123456789	DELIVERED	1199	1081.1	10	\N	\N	\N
43	HCM	2026-03-30 09:33:25.319364	259.8	COD	0123456789	DELIVERED	2598	2348.2	10	\N	\N	\N
\.


--
-- TOC entry 5000 (class 0 OID 24688)
-- Dependencies: 220
-- Data for Name: product; Type: TABLE DATA; Schema: public; Owner: postgres
--

COPY public.product (id, description, name, old_price, price, image, category_id) FROM stdin;
2	Apple smartphone	iPhone 14	999	799	\N	2
3	Android flagship	Samsung Galaxy S24	999	799	\N	2
12	13-inch, M3 chip, 8GB RAM, 256GB SSD.	MacBook Air M3 2024	1099	999	\N	3
13	Ryzen 9, RTX 4060, 120Hz Nebula Display.	ASUS ROG Zephyrus G14	1650	1450	\N	3
18	AirPods 4. Bước đột phá về âm thanh và sự thoải mái. Hai phiên bản được thiết kế mới cho một trải nghiệm âm thanh được đổi mới hoàn toàn và thiết kế vừa vặn hơn cho cảm giác thoải mái suốt ngày dài. Nay với tính năng Chủ Động Khử Tiếng ồn, lần đầu tiên có trong thiết kế này	AirPods 4	\N	\N	https://res.cloudinary.com/dafy1p15f/image/upload/v1775932259/4d5daedf-157b-4058-8a1b-1349bcb02326.png	10
20	Son Thỏi 3CE Mềm Môi Cashmere Hug Lipstick là sản phẩm son thỏi đến từ thương hiệu 3CE – Hàn Quốc. Chất son matte mịn mờ khi thoa lên môi sẽ duy trì sự thoải mái suốt cả ngày, tạo cảm giác môi như được vuốt ve bởi chất liệu vải mềm và êm ái của giới thượng lưu. Hơn thế nữa, công thức tan chảy như kem giúp son lướt dễ dàng trên môi, màu lên chuẩn ngay từ lần quẹt đầu tiên.	Son Thỏi 3CE	\N	\N		13
1	Apple flagship	iPhone 15 Pro Max	1399	1199	\N	2
\.


--
-- TOC entry 5002 (class 0 OID 24696)
-- Dependencies: 222
-- Data for Name: product_image; Type: TABLE DATA; Schema: public; Owner: postgres
--

COPY public.product_image (id, image_url, product_id, variant_id) FROM stdin;
17	https://res.cloudinary.com/dafy1p15f/image/upload/v1773766872/2b80cb7a-574e-4cba-bce1-f548562e7924.png	\N	1
18	https://res.cloudinary.com/dafy1p15f/image/upload/v1773766872/2b80cb7a-574e-4cba-bce1-f548562e7924.png	\N	1
19	https://res.cloudinary.com/dafy1p15f/image/upload/v1773764021/672ce3ad-2aae-4ba4-85eb-0af61510f522.png	\N	2
20	https://res.cloudinary.com/dafy1p15f/image/upload/v1773766872/2b80cb7a-574e-4cba-bce1-f548562e7924.png	\N	3
21	https://res.cloudinary.com/dafy1p15f/image/upload/v1773766872/2b80cb7a-574e-4cba-bce1-f548562e7924.png	\N	4
22	https://res.cloudinary.com/dafy1p15f/image/upload/v1773942966/5892b142-710c-4a8e-9ae8-71fff9567f0f.png	\N	5
23	https://res.cloudinary.com/dafy1p15f/image/upload/v1773943020/f20a9b0c-5d3e-41c2-820f-65e02b057d8c.png	\N	6
24	https://res.cloudinary.com/dafy1p15f/image/upload/v1773943087/53f82fbf-7df3-4b23-ac2e-0574e9b91527.png	\N	7
25	https://res.cloudinary.com/dafy1p15f/image/upload/v1775763529/da23e9e5-520a-48c3-ad48-eca107f2eb16.png	\N	44
26	https://res.cloudinary.com/dafy1p15f/image/upload/v1775764285/1c43012d-7cfb-42ec-9b8c-7f06f677ebdd.png	\N	46
28	https://res.cloudinary.com/dafy1p15f/image/upload/v1775763561/62304ffa-2dda-4c4b-ac2d-68d4ebc84371.png	\N	47
27	https://res.cloudinary.com/dafy1p15f/image/upload/v1775764225/57568f7e-3652-4751-973e-5af493c743f6.png	\N	45
\.


--
-- TOC entry 5004 (class 0 OID 24702)
-- Dependencies: 224
-- Data for Name: product_variant; Type: TABLE DATA; Schema: public; Owner: postgres
--

COPY public.product_variant (id, color, price, size, stock, product_id, old_price, image) FROM stdin;
1	Đen	1199	128GB	10	1	\N	\N
2	Trắng	1199	128GB	8	1	\N	\N
3	Đen	1299	256GB	6	1	\N	\N
4	Đen	1299	128GB	12	2	\N	\N
5	Đỏ	1299	256GB	7	2	\N	\N
6	Đen	1299	256GB	9	3	\N	\N
7	Tím	1299	512GB	5	3	\N	\N
44	Đen	999	256GB SSD	50	12	\N	\N
45	Trắng	1450	1TB SSD	15	13	\N	\N
46	Trắng	1299	512GB SSD	50	12	\N	\N
47	Đen	999	256GB SSD	50	13	\N	\N
48	Đen	1399	1TB	12	1	\N	https://res.cloudinary.com/dafy1p15f/image/upload/v1773766872/2b80cb7a-574e-4cba-bce1-f548562e7924.png
50	Đỏ	10		20	20	\N	https://res.cloudinary.com/dafy1p15f/image/upload/v1776417373/9eabdcea-38ff-4e16-a2d2-b62dbdc952e2.png
49	Trắng	100		30	18	100	https://res.cloudinary.com/dafy1p15f/image/upload/v1775932259/4d5daedf-157b-4058-8a1b-1349bcb02326.png
\.


--
-- TOC entry 5018 (class 0 OID 24807)
-- Dependencies: 238
-- Data for Name: sub_category; Type: TABLE DATA; Schema: public; Owner: postgres
--

COPY public.sub_category (id, name, category_id) FROM stdin;
\.


--
-- TOC entry 5014 (class 0 OID 24772)
-- Dependencies: 234
-- Data for Name: users; Type: TABLE DATA; Schema: public; Owner: postgres
--

COPY public.users (id, avatar, created_at, email, full_name, password, phone, user_name, role) FROM stdin;
10	\N	1774384529647	nguyengiabao161004@gmail.com	NeKo	\N	0379911398	\N	ADMIN
11	\N	1775935171480	nguyengiabao1610044@gmail.com	\N	\N	\N	\N	USER
\.


--
-- TOC entry 5008 (class 0 OID 24747)
-- Dependencies: 228
-- Data for Name: voucher; Type: TABLE DATA; Schema: public; Owner: postgres
--

COPY public.voucher (id, active, code, discount_percent, expiry_date, min_order) FROM stdin;
2	t	Sale	50	2026-04-23	0
3	t	FREE10	30	2026-05-08	0
\.


--
-- TOC entry 5031 (class 0 OID 0)
-- Dependencies: 239
-- Name: address_id_seq; Type: SEQUENCE SET; Schema: public; Owner: postgres
--

SELECT pg_catalog.setval('public.address_id_seq', 12, true);


--
-- TOC entry 5032 (class 0 OID 0)
-- Dependencies: 225
-- Name: cart_item_id_seq; Type: SEQUENCE SET; Schema: public; Owner: postgres
--

SELECT pg_catalog.setval('public.cart_item_id_seq', 43, true);


--
-- TOC entry 5033 (class 0 OID 0)
-- Dependencies: 235
-- Name: categories_id_seq; Type: SEQUENCE SET; Schema: public; Owner: postgres
--

SELECT pg_catalog.setval('public.categories_id_seq', 3, true);


--
-- TOC entry 5034 (class 0 OID 0)
-- Dependencies: 217
-- Name: category_id_seq; Type: SEQUENCE SET; Schema: public; Owner: postgres
--

SELECT pg_catalog.setval('public.category_id_seq', 19, true);


--
-- TOC entry 5035 (class 0 OID 0)
-- Dependencies: 245
-- Name: flash_sale_id_seq; Type: SEQUENCE SET; Schema: public; Owner: postgres
--

SELECT pg_catalog.setval('public.flash_sale_id_seq', 1, true);


--
-- TOC entry 5036 (class 0 OID 0)
-- Dependencies: 243
-- Name: flash_sale_item_seq; Type: SEQUENCE SET; Schema: public; Owner: postgres
--

SELECT pg_catalog.setval('public.flash_sale_item_seq', 101, true);


--
-- TOC entry 5037 (class 0 OID 0)
-- Dependencies: 244
-- Name: flash_sale_seq; Type: SEQUENCE SET; Schema: public; Owner: postgres
--

SELECT pg_catalog.setval('public.flash_sale_seq', 1, false);


--
-- TOC entry 5038 (class 0 OID 0)
-- Dependencies: 229
-- Name: order_item_id_seq; Type: SEQUENCE SET; Schema: public; Owner: postgres
--

SELECT pg_catalog.setval('public.order_item_id_seq', 46, true);


--
-- TOC entry 5039 (class 0 OID 0)
-- Dependencies: 231
-- Name: orders_id_seq; Type: SEQUENCE SET; Schema: public; Owner: postgres
--

SELECT pg_catalog.setval('public.orders_id_seq', 46, true);


--
-- TOC entry 5040 (class 0 OID 0)
-- Dependencies: 219
-- Name: product_id_seq; Type: SEQUENCE SET; Schema: public; Owner: postgres
--

SELECT pg_catalog.setval('public.product_id_seq', 20, true);


--
-- TOC entry 5041 (class 0 OID 0)
-- Dependencies: 221
-- Name: product_image_id_seq; Type: SEQUENCE SET; Schema: public; Owner: postgres
--

SELECT pg_catalog.setval('public.product_image_id_seq', 28, true);


--
-- TOC entry 5042 (class 0 OID 0)
-- Dependencies: 223
-- Name: product_variant_id_seq; Type: SEQUENCE SET; Schema: public; Owner: postgres
--

SELECT pg_catalog.setval('public.product_variant_id_seq', 50, true);


--
-- TOC entry 5043 (class 0 OID 0)
-- Dependencies: 237
-- Name: sub_category_id_seq; Type: SEQUENCE SET; Schema: public; Owner: postgres
--

SELECT pg_catalog.setval('public.sub_category_id_seq', 1, true);


--
-- TOC entry 5044 (class 0 OID 0)
-- Dependencies: 233
-- Name: users_id_seq; Type: SEQUENCE SET; Schema: public; Owner: postgres
--

SELECT pg_catalog.setval('public.users_id_seq', 11, true);


--
-- TOC entry 5045 (class 0 OID 0)
-- Dependencies: 227
-- Name: voucher_id_seq; Type: SEQUENCE SET; Schema: public; Owner: postgres
--

SELECT pg_catalog.setval('public.voucher_id_seq', 3, true);


--
-- TOC entry 4833 (class 2606 OID 32978)
-- Name: address address_pkey; Type: CONSTRAINT; Schema: public; Owner: postgres
--

ALTER TABLE ONLY public.address
    ADD CONSTRAINT address_pkey PRIMARY KEY (id);


--
-- TOC entry 4817 (class 2606 OID 24740)
-- Name: cart_item cart_item_pkey; Type: CONSTRAINT; Schema: public; Owner: postgres
--

ALTER TABLE ONLY public.cart_item
    ADD CONSTRAINT cart_item_pkey PRIMARY KEY (id);


--
-- TOC entry 4829 (class 2606 OID 24786)
-- Name: categories categories_pkey; Type: CONSTRAINT; Schema: public; Owner: postgres
--

ALTER TABLE ONLY public.categories
    ADD CONSTRAINT categories_pkey PRIMARY KEY (id);


--
-- TOC entry 4809 (class 2606 OID 24686)
-- Name: category category_pkey; Type: CONSTRAINT; Schema: public; Owner: postgres
--

ALTER TABLE ONLY public.category
    ADD CONSTRAINT category_pkey PRIMARY KEY (id);


--
-- TOC entry 4837 (class 2606 OID 41286)
-- Name: flash_sale_item flash_sale_item_pkey; Type: CONSTRAINT; Schema: public; Owner: postgres
--

ALTER TABLE ONLY public.flash_sale_item
    ADD CONSTRAINT flash_sale_item_pkey PRIMARY KEY (id);


--
-- TOC entry 4835 (class 2606 OID 41281)
-- Name: flash_sale flash_sale_pkey; Type: CONSTRAINT; Schema: public; Owner: postgres
--

ALTER TABLE ONLY public.flash_sale
    ADD CONSTRAINT flash_sale_pkey PRIMARY KEY (id);


--
-- TOC entry 4821 (class 2606 OID 24757)
-- Name: order_item order_item_pkey; Type: CONSTRAINT; Schema: public; Owner: postgres
--

ALTER TABLE ONLY public.order_item
    ADD CONSTRAINT order_item_pkey PRIMARY KEY (id);


--
-- TOC entry 4823 (class 2606 OID 24765)
-- Name: orders orders_pkey; Type: CONSTRAINT; Schema: public; Owner: postgres
--

ALTER TABLE ONLY public.orders
    ADD CONSTRAINT orders_pkey PRIMARY KEY (id);


--
-- TOC entry 4813 (class 2606 OID 24700)
-- Name: product_image product_image_pkey; Type: CONSTRAINT; Schema: public; Owner: postgres
--

ALTER TABLE ONLY public.product_image
    ADD CONSTRAINT product_image_pkey PRIMARY KEY (id);


--
-- TOC entry 4811 (class 2606 OID 24694)
-- Name: product product_pkey; Type: CONSTRAINT; Schema: public; Owner: postgres
--

ALTER TABLE ONLY public.product
    ADD CONSTRAINT product_pkey PRIMARY KEY (id);


--
-- TOC entry 4815 (class 2606 OID 24708)
-- Name: product_variant product_variant_pkey; Type: CONSTRAINT; Schema: public; Owner: postgres
--

ALTER TABLE ONLY public.product_variant
    ADD CONSTRAINT product_variant_pkey PRIMARY KEY (id);


--
-- TOC entry 4831 (class 2606 OID 24811)
-- Name: sub_category sub_category_pkey; Type: CONSTRAINT; Schema: public; Owner: postgres
--

ALTER TABLE ONLY public.sub_category
    ADD CONSTRAINT sub_category_pkey PRIMARY KEY (id);


--
-- TOC entry 4825 (class 2606 OID 24780)
-- Name: users uk6dotkott2kjsp8vw4d0m25fb7; Type: CONSTRAINT; Schema: public; Owner: postgres
--

ALTER TABLE ONLY public.users
    ADD CONSTRAINT uk6dotkott2kjsp8vw4d0m25fb7 UNIQUE (email);


--
-- TOC entry 4827 (class 2606 OID 24778)
-- Name: users users_pkey; Type: CONSTRAINT; Schema: public; Owner: postgres
--

ALTER TABLE ONLY public.users
    ADD CONSTRAINT users_pkey PRIMARY KEY (id);


--
-- TOC entry 4819 (class 2606 OID 24751)
-- Name: voucher voucher_pkey; Type: CONSTRAINT; Schema: public; Owner: postgres
--

ALTER TABLE ONLY public.voucher
    ADD CONSTRAINT voucher_pkey PRIMARY KEY (id);


--
-- TOC entry 4839 (class 2606 OID 24822)
-- Name: product fk1mtsbur82frn64de7balymq9s; Type: FK CONSTRAINT; Schema: public; Owner: postgres
--

ALTER TABLE ONLY public.product
    ADD CONSTRAINT fk1mtsbur82frn64de7balymq9s FOREIGN KEY (category_id) REFERENCES public.category(id);


--
-- TOC entry 4838 (class 2606 OID 24817)
-- Name: category fk2y94svpmqttx80mshyny85wqr; Type: FK CONSTRAINT; Schema: public; Owner: postgres
--

ALTER TABLE ONLY public.category
    ADD CONSTRAINT fk2y94svpmqttx80mshyny85wqr FOREIGN KEY (parent_id) REFERENCES public.category(id);


--
-- TOC entry 4844 (class 2606 OID 24741)
-- Name: cart_item fk3fx72yo9k5xauka8mlto7a8bf; Type: FK CONSTRAINT; Schema: public; Owner: postgres
--

ALTER TABLE ONLY public.cart_item
    ADD CONSTRAINT fk3fx72yo9k5xauka8mlto7a8bf FOREIGN KEY (variant_id) REFERENCES public.product_variant(id);


--
-- TOC entry 4849 (class 2606 OID 32979)
-- Name: address fk6i66ijb8twgcqtetl8eeeed6v; Type: FK CONSTRAINT; Schema: public; Owner: postgres
--

ALTER TABLE ONLY public.address
    ADD CONSTRAINT fk6i66ijb8twgcqtetl8eeeed6v FOREIGN KEY (user_id) REFERENCES public.users(id);


--
-- TOC entry 4841 (class 2606 OID 24715)
-- Name: product_image fk6oo0cvcdtb6qmwsga468uuukk; Type: FK CONSTRAINT; Schema: public; Owner: postgres
--

ALTER TABLE ONLY public.product_image
    ADD CONSTRAINT fk6oo0cvcdtb6qmwsga468uuukk FOREIGN KEY (product_id) REFERENCES public.product(id);


--
-- TOC entry 4850 (class 2606 OID 41294)
-- Name: flash_sale_item fk6xxl3g7oe3oq7ffokv444lr36; Type: FK CONSTRAINT; Schema: public; Owner: postgres
--

ALTER TABLE ONLY public.flash_sale_item
    ADD CONSTRAINT fk6xxl3g7oe3oq7ffokv444lr36 FOREIGN KEY (variant_id) REFERENCES public.product_variant(id);


--
-- TOC entry 4847 (class 2606 OID 24812)
-- Name: sub_category fk76nk9rvg73ac82lf80hcy17r8; Type: FK CONSTRAINT; Schema: public; Owner: postgres
--

ALTER TABLE ONLY public.sub_category
    ADD CONSTRAINT fk76nk9rvg73ac82lf80hcy17r8 FOREIGN KEY (category_id) REFERENCES public.categories(id);


--
-- TOC entry 4840 (class 2606 OID 41176)
-- Name: product fk_product_category; Type: FK CONSTRAINT; Schema: public; Owner: postgres
--

ALTER TABLE ONLY public.product
    ADD CONSTRAINT fk_product_category FOREIGN KEY (category_id) REFERENCES public.category(id);


--
-- TOC entry 4842 (class 2606 OID 24730)
-- Name: product_image fke67ln3cxyqqfleou64mihh4gg; Type: FK CONSTRAINT; Schema: public; Owner: postgres
--

ALTER TABLE ONLY public.product_image
    ADD CONSTRAINT fke67ln3cxyqqfleou64mihh4gg FOREIGN KEY (variant_id) REFERENCES public.product_variant(id);


--
-- TOC entry 4843 (class 2606 OID 24720)
-- Name: product_variant fkgrbbs9t374m9gg43l6tq1xwdj; Type: FK CONSTRAINT; Schema: public; Owner: postgres
--

ALTER TABLE ONLY public.product_variant
    ADD CONSTRAINT fkgrbbs9t374m9gg43l6tq1xwdj FOREIGN KEY (product_id) REFERENCES public.product(id);


--
-- TOC entry 4848 (class 2606 OID 24827)
-- Name: sub_category fkl65dyy5me2ypoyj8ou1hnt64e; Type: FK CONSTRAINT; Schema: public; Owner: postgres
--

ALTER TABLE ONLY public.sub_category
    ADD CONSTRAINT fkl65dyy5me2ypoyj8ou1hnt64e FOREIGN KEY (category_id) REFERENCES public.category(id);


--
-- TOC entry 4851 (class 2606 OID 41289)
-- Name: flash_sale_item fkrta5b55ays9mo2jyrk80r8g6x; Type: FK CONSTRAINT; Schema: public; Owner: postgres
--

ALTER TABLE ONLY public.flash_sale_item
    ADD CONSTRAINT fkrta5b55ays9mo2jyrk80r8g6x FOREIGN KEY (flash_sale_id) REFERENCES public.flash_sale(id);


--
-- TOC entry 4846 (class 2606 OID 24787)
-- Name: categories fksaok720gsu4u2wrgbk10b5n8d; Type: FK CONSTRAINT; Schema: public; Owner: postgres
--

ALTER TABLE ONLY public.categories
    ADD CONSTRAINT fksaok720gsu4u2wrgbk10b5n8d FOREIGN KEY (parent_id) REFERENCES public.categories(id);


--
-- TOC entry 4845 (class 2606 OID 24766)
-- Name: order_item fkt4dc2r9nbvbujrljv3e23iibt; Type: FK CONSTRAINT; Schema: public; Owner: postgres
--

ALTER TABLE ONLY public.order_item
    ADD CONSTRAINT fkt4dc2r9nbvbujrljv3e23iibt FOREIGN KEY (order_id) REFERENCES public.orders(id);


-- Completed on 2026-05-22 13:49:42

--
-- PostgreSQL database dump complete
--

\unrestrict sWAflh31VaWAZ5DN89SZkFOAReb7loTQFcWoUFQdLbnTZx4WdbgZPLBtes38Q49

